Country;Area(sq km);Birth rate(births/1000 population);Current account balance;Death rate(deaths/1000 population);Debt - external;Electricity - consumption(kWh);Electricity - production(kWh);Exports;GDP;GDP - per capita;GDP - real growth rate(%);HIV/AIDS - adult prevalence rate(%);HIV/AIDS - deaths;HIV/AIDS - people living with HIV/AIDS;Highways(km);Imports;Industrial production growth rate(%);Infant mortality rate(deaths/1000 live births);Inflation rate (consumer prices)(%);Internet hosts;Internet users;Investment (gross fixed)(% of GDP);Labor force;Life expectancy at birth(years);Military expenditures - dollar figure;Military expenditures - percent of GDP(%);Natural gas - consumption(cu m);Natural gas - exports(cu m);Natural gas - imports(cu m);Natural gas - production(cu m);Natural gas - proved reserves(cu m);Oil - consumption(bbl/day);Oil - exports(bbl/day);Oil - imports(bbl/day);Oil - production(bbl/day);Oil - proved reserves(bbl);Population;Public debt(% of GDP);Railways(km);Reserves of foreign exchange & gold;Telephones - main lines in use;Telephones - mobile cellular;Total fertility rate(children born/woman);Unemployment rate(%)
String;double;double;double;double;double;double;double;double;double;double;double;double;double;double;double;double;double;double;double;double;double;double;double;double;double;double;double;double;double;double;double;double;double;double;double;double;double;double;double;double;double;double;double;double
Afghanistan;647500;47.02;;20.75;8000000000;652200000;540000000;446000000;21500000000;800;7.50;0.01;;;21000;3759000000;;163.07;10.30;;1000;;11800000;42.90;188400000;2.60;220000000;0;0;220000000;49980000000;3500;;;0;0;29928987;;;;33100;15000;6.75;
Akrotiri;123;;;;;;;;;;;;;;;;;;;;;;;;;;;;;;;;;;;;;;;;;;;
Albania;28748;15.08;-504000000;5.12;1410000000;6760000000;5680000000;552400000;17460000000;4900;5.60;;;;18000;2076000000;3.10;21.52;3.20;455;30000;18.40;1090000;77.24;56500000;1.49;30000000;0;0;30000000;3316000000;7500;0;5500;2000;185500000;3563112;;447;1206000000;255000;1100000;2.04;14.80
Algeria;2381740;17.13;11900000000;4.60;21900000000;23610000000;25760000000;32160000000;212300000000;6600;6.10;0.10;500;9100;104000;15250000000;6.00;31.00;3.10;897;500000;26.20;9910000;73.00;2480000000;3.20;22320000000;57980000000;0;80300000000;4739000000000;209000;;;1200000;11870000000;32531853;37.40;3973;43550000000;2199600;1447310;1.92;25.40
American Samoa;199;23.13;;3.33;;120900000;130000000;30000000;500000000;8000;;;;;185;123000000;;9.27;;;;;14000;75.84;;;;;;;;3800;;;0;;57881;;;;15000;2377;3.25;6.00
Andorra;468;9.00;;6.07;;;;58000000;1900000000;26800;2.00;;;;269;1077000000;;4.05;4.30;4144;24500;;33000;83.51;;;;;;;;;;;;;70549;;;;35000;23500;1.29;0.00
Angola;1246700;44.64;-37880000;25.90;10450000000;1587000000;1707000000;12760000000;23170000000;2100;11.70;3.90;21000;240000;51429;4896000000;1.00;191.19;43.80;17;41000;34.50;5410000;36.61;183580000;10.60;530000000;0;0;530000000;79570000000;31000;;;980000;22880000000;11190786;;2761;800000000;96300;130000;6.27;
Anguilla;102;14.26;;5.43;8800000;42600000;;2600000;112000000;7500;2.80;;;;105;80900000;3.10;21.03;2.30;;3000;;6049;77.11;;;;;;;;;;;;;13254;;;;6200;1800;1.73;8.00
Antarctica;14000000;;;;;;;;;;;;;;;;;;;;;;;;;;;;;;;;;;;;;;;;0;;;
Antigua and Barbuda;443;17.26;;5.44;231000000;103000000;110800000;689000000;750000000;11000;3.00;;;;250;692000000;6.00;19.46;0.40;1665;10000;;30000;71.90;;;;;;;;3600;;;0;;68722;;;;38000;38200;2.26;11.00
Argentina;2766890;16.90;5473000000;7.56;157700000000;81650000000;81390000000;33780000000;483500000000;12400;8.30;0.70;1500;130000;215471;22060000000;12.00;15.18;6.10;742358;4100000;18.30;15040000;75.91;4300000000;1.30;31100000000;6050000000;0;37150000000;768000000000;486000;;;755000;2900000000;39537943;118.00;34091;19470000000;8009400;6500000;2.19;14.80
Armenia;29800;11.76;-240400000;8.16;905000000;5797000000;6492000000;850000000;13650000000;4600;9.00;0.10;200;2600;8431;1300000000;15.00;23.28;3.50;2206;150000;19.80;1400000;71.55;135000000;6.50;1400000000;0;1400000000;0;;5700;;;0;;2982904;;845;555000000;562600;114400;1.32;30.00
Aruba;193;11.26;;6.57;285000000;751200000;807700000;128000000;1940000000;28000;-1.50;;;;800;841000000;;5.89;3.20;923;24000;;41500;79.14;;;;;;;;6500;;;0;;71566;;;;37100;53000;1.79;0.60
Ashmore and Cartier Islands;5;;;;;;;;;;;;;;;;;;;;;;;;;;;;;;;;;;;;;;;;;;;
Australia;7686850;12.26;-38300000000;7.44;308700000000;195600000000;210300000000;86890000000;611700000000;30700;3.50;0.10;;14000;811603;98100000000;1.90;4.69;2.30;2847763;9472000;25.30;10350000;80.39;1665000000;2.70;23330000000;9744000000;0;33080000000;2407000000000;796500;523400;530800;537500;3664000000;20090437;17.40;43802;35140000000;10815000;14347000;1.76;5.10
Austria;83870;8.81;-3283000000;9.70;15500000000;55090000000;58490000000;102700000000;255900000000;31300;1.90;0.30;100;10000;200000;101200000000;3.30;4.66;1.80;387006;3730000;22.60;3450000;78.92;1497000000;0.90;7810000000;403000000;6033000000;1731000000;24900000000;262400;35470;262000;20670;85690000;8184691;64.20;6021;12730000000;3881000;7094500;1.36;4.40
Azerbaijan;86600;20.40;-2899000000;9.86;1832000000;17370000000;17550000000;3168000000;30010000000;3800;9.80;0.10;100;1400;28030;3622000000;4.00;81.74;4.60;586;300000;65.10;5090000;63.35;121000000;2.60;6720000000;0;1000000000;5720000000;62300000000;140000;;;312800;589000000;7911974;18.90;2957;875000000;923800;870000;2.44;1.20
Bahamas The;13940;17.87;;8.97;308500000;1596000000;1716000000;636000000;5295000000;17700;3.00;3.00;200;5600;2693;1630000000;;25.21;1.20;302;84000;;156000;65.54;;;;;;;;23000;29000;;0;;301790;;;;131700;121800;2.20;10.20
Bahrain;665;18.10;586100000;4.08;6215000000;6379000000;6860000000;8205000000;13010000000;19200;5.60;0.20;200;600;3459;5870000000;2.00;17.27;2.10;1334;195700;12.80;370000;74.23;628900000;6.30;32700000000;0;0;32700000000;46000000000;40000;;;44000;126000000;688345;63.80;;2141000000;185800;443100;2.63;15.00
Baker Island;1;;;;;;;;;;;;;;;;;;;;;;;;;;;;;;;;;;;;;;;;;;;
Bangladesh;144000;30.01;216600000;8.40;19970000000;15300000000;16450000000;7478000000;275700000000;2000;4.90;0.10;650;13000;207486;10030000000;6.50;62.60;6.00;1;243000;23.50;65490000;62.08;995300000;1.80;9900000000;0;0;9900000000;150300000000;71000;;;3581;28450000;144319628;43.00;2706;3000000000;740000;1365000;3.13;40.00
Barbados;431;12.83;;9.17;668000000;744000000;800000000;206000000;4569000000;16400;2.30;1.50;200;2500;1600;1039000000;-3.20;12.50;-0.50;204;100000;;128500;71.41;;;29170000;0;0;29170000;70790000;10900;;;1271;1254000;279254;;;;134000;140000;1.65;10.70
Bassas da India;0;;;;;;;;;;;;;;;;;;;;;;;;;;;;;;;;;;;;;;;;;;;
Belarus;207600;10.83;-1119000000;14.15;600000000;34300000000;30000000000;11470000000;70500000000;6800;6.40;0.30;1000;15000;79990;13570000000;4.00;13.37;17.40;5308;1391900;21.80;4305000;68.72;176100000;1.40;18800000000;0;18500000000;250000000;;285000;14500;360000;36000;;10300483;;5523;770200000;3071300;1118000;1.39;2.00
Belgium;30528;10.48;11400000000;10.22;28300000000;78820000000;76580000000;255700000000;316200000000;30600;2.60;0.20;100;10000;149028;235000000000;3.50;4.68;1.90;166799;3400000;19.10;4750000;78.62;3999000000;1.30;15500000000;0;15400000000;0;;595100;450000;1042000;0;;10364388;96.20;3518;14450000000;5120400;8135500;1.64;12.00
Belize;22966;29.34;-115000000;6.04;1362000000;108800000;117000000;401400000;1778000000;6500;3.50;2.40;;3600;2872;579900000;4.60;25.69;2.90;2613;30000;33.60;90000;67.49;18000000;2.00;;;;;;5000;;;0;;279457;;;111100000;33300;60400;3.68;12.90
Benin;112620;41.99;-159900000;13.76;1600000000;565200000;285200000;720900000;8338000000;1200;5.00;1.90;5800;68000;6787;934500000;8.30;85.00;2.80;879;70000;19.30;;50.51;96500000;2.40;;;;;608800000;11500;;;700;4105000;7460025;;578;839300000;66500;236200;5.86;
Bermuda;53;11.60;;7.63;160000000;598000000;643000000;879000000;2330000000;36000;2.00;;;;450;5523000000;;8.53;3.30;5161;34500;;37470;77.79;4030000;0.11;;;;;;4000;;;0;;65365;;;;56000;37873;1.89;5.00
Bhutan;47000;34.03;;12.94;245000000;312900000;2001000000;154000000;2900000000;1400;5.30;0.10;;100;4007;196000000;9.30;100.44;3.00;985;15000;;;54.39;13700000;1.80;;;;;;1020;;;0;;2232291;;;;25200;22000;4.81;
Bolivia;1098580;23.76;273000000;7.64;5439000000;3848000000;4132000000;1986000000;22330000000;2600;3.70;0.10;;4900;60282;1595000000;5.70;53.11;4.90;7080;270000;10.40;3800000;65.50;132200000;1.60;1150000000;2900000000;0;8440000000;727200000000;49000;;;39000;458800000;8857870;;3519;1214000000;600100;1401500;2.94;9.20
Bosnia and Herzegovina;51129;12.49;-2100000000;8.44;3000000000;8318000000;10040000000;1700000000;26210000000;6500;5.00;0.10;100;900;21846;5200000000;5.50;21.05;1.10;6994;100000;;1026000;72.85;234300000;4.50;300000000;0;300000000;0;;20000;;;0;;4025476;;1021;2000000000;938000;1050000;1.71;44.00
Botswana;600370;23.33;337000000;29.36;531000000;1890000000;930000000;2940000000;15050000000;9200;3.50;37.30;33000;350000;10217;2255000000;4.40;54.58;7.00;1920;60000;25.50;264000;33.87;338500000;3.90;;;;;;16000;;;0;;1640115;8.60;888;5700000000;142400;435000;2.85;23.80
Bouvet Island;59;;;;;;;;;;;;;;;;;;;;;;;;;;;;;;;;;;;;;;;;;;;
Brazil;8511965;16.83;8000000000;6.15;219800000000;351900000000;339000000000;95000000000;1492000000000;8100;5.10;0.70;15000;660000;1724929;61000000000;6.00;29.61;7.60;3163349;14300000;19.80;89000000;71.69;11000000000;1.80;9590000000;0;3640000000;5950000000;221700000000;2199000;;;1788000;13900000000;186112794;52.00;29412;52940000000;38810000;46373300;1.93;11.50
British Indian Ocean Territory;60;;;;;;;;;;;;;;;;;;;;;;;;;;;;;;;;;;;;;;;;;;;
British Virgin Islands;153;14.96;;4.42;36100000;33740000;36280000;25300000;2498000000;38500;1.00;;;;177;187000000;;18.05;2.50;;4000;;12770;76.27;;;;;;;;420;;;0;;22643;;;;11700;8000;1.72;3.00
Brunei;5770;19.01;;3.42;0;2286000000;2458000000;7700000000;6842000000;23600;3.20;0.10;200;200;2525;5200000000;5.00;12.61;0.30;6409;35000;;158000;74.80;290700000;5.10;1350000000;9000000000;0;10350000000;315000000000;13000;199000;;204000;1255000000;372361;;;;90000;137000;2.30;3.20
Bulgaria;110910;9.66;682900000;14.26;16100000000;32710000000;43070000000;9134000000;61630000000;8200;5.30;0.10;100;346;37077;12230000000;5.20;20.55;6.10;53421;630000;18.60;3398000;72.03;356000000;2.60;5804000000;0;5800000000;4000000;3724000000;94000;;;603;8100000;7450349;41.90;4294;7526000000;2868200;2597500;1.38;12.70
Burkina Faso;274200;44.17;-471700000;18.86;1300000000;335700000;361000000;418600000;15740000000;1200;4.80;4.20;29000;300000;12506;866300000;14.00;97.57;2.40;442;48000;29.10;5000000;43.92;64200000;1.30;;;;;;8000;;;0;;13925313;;622;474900000;65400;227000;6.23;
Burma;678500;18.11;-185000000;12.15;6752000000;3484000000;5068000000;2137000000;74300000000;1700;-1.30;1.20;20000;330000;28200;1754000000;;67.24;17.20;3;28000;10.20;27010000;56.22;39000000;2.10;1569000000;8424000000;0;9980000000;2460000000000;60950;3356;49230;17550;3200000000;42909464;;3955;590000000;357300;66500;2.01;5.20
Burundi;27830;39.66;-59500000;17.43;1133000000;137800000;132000000;31840000;4001000000;600;3.00;6.00;25000;250000;14480;138200000;18.00;69.29;8.50;22;14000;10.70;2990000;43.50;38700000;6.00;;;;;;2750;;;0;;6370609;;;76890000;23900;64000;5.81;
Cambodia;181040;27.08;-316200000;8.97;2400000000;100600000;122000000;2311000000;26990000000;2000;5.40;2.60;15000;170000;12323;3129000000;22.00;71.48;3.10;818;30000;20.90;7000000;58.87;112000000;3.00;;;;;;7200;;;0;;13607069;;602;997500000;35400;380000;3.44;2.50
Cameroon;475440;34.67;-149100000;15.40;8460000000;3321000000;3571000000;2445000000;30170000000;1900;4.90;6.90;49000;560000;34300;1979000000;4.20;68.26;1.00;479;60000;16.10;6680000;47.84;221100000;1.60;0;0;0;0;55220000000;22000;;;94000;80000000;16380005;69.10;1008;687500000;110900;1077000;4.47;30.00
Canada;9984670;10.84;28200000000;7.73;570000000000;487300000000;548900000000;315600000000;1023000000000;31500;2.40;0.30;1500;56000;1408800;256100000000;2.00;4.75;1.90;3210081;16110000;19.40;17370000;80.10;9801700000;1.10;55800000000;91520000000;8730000000;165800000000;1691000000000;2200000;1370000;987000;3110000;178900000000;32805041;;48909;36270000000;19950900;13221800;1.61;7.00
Cape Verde;4033;25.33;-93760000;6.62;325000000;40060000;43080000;61110000;600000000;1400;5.00;0.04;225;775;1100;387300000;;47.77;1.50;118;20400;19.20;;70.45;14100000;1.50;;;;;;2000;;;0;;418224;;;112700000;71700;53300;3.48;21.00
Cayman Islands;262;12.92;;4.81;70000000;382100000;410800000;1200000;1391000000;32300;1.70;;;;785;457400000;;8.19;2.80;;9909;;19820;79.95;;;;;;;;2400;;;0;;44270;;;;38000;17000;1.90;4.10
Central African Republic;622984;35.17;;20.27;881400000;98580000;106000000;172000000;4248000000;1100;0.50;13.50;23000;260000;23810;136000000;3.00;91.00;3.60;6;5000;;;41.01;15500000;1.00;;;;;;2400;;;0;;3799897;;;;9000;13000;4.50;8.00
Chad;1284000;45.98;330200000;16.41;1100000000;89400000;96130000;365000000;15660000000;1600;38.00;4.80;18000;200000;33400;500700000;5.00;93.82;8.00;8;15000;24.70;;47.94;101300000;2.10;;;;;;1500;;;200000;;9826419;;;652700000;11800;65000;6.32;
Chile;756950;15.44;2185000000;5.76;44600000000;41800000000;48600000000;29200000000;169100000000;10700;5.80;0.30;1400;26000;79605;22530000000;7.80;8.80;2.40;202429;3575000;23.90;6200000;76.58;3420000000;3.80;6517000000;0;5337000000;1180000000;99050000000;240000;0;221500;18500;150000000;15980912;12.80;6585;16020000000;3467000;6445700;2.02;8.50
China;9596960;13.14;30320000000;6.94;233300000000;1630000000000;1910000000000;583100000000;7262000000000;5600;9.10;0.10;44000;840000;1765222;552400000000;17.10;24.18;4.10;160421;94000000;46.00;760800000;72.27;67490000000;4.30;29180000000;0;0;35000000000;2230000000000;4956000;427800;2414000;3392000;17740000000;1306313812;31.40;70058;609900000000;263000000;269000000;1.72;9.80
Christmas Island;135;;;;;;;;;;;;;;240;;;;;;;;;;;;;;;;;;;;;;361;;;;;;;
Clipperton Island;6;;;;;;;;;;;;;;;;;;;;;;;;;;;;;;;;;;;;;;;;;;;
Cocos (Keeling) Islands;14;;;;;;;;;;;;;;15;;;;;;;;;;;;;;;;;;;;;;628;;;;287;;;60.00
Colombia;1138910;20.82;-1706000000;5.59;38700000000;41140000000;44870000000;15500000000;281100000000;6600;3.60;0.70;3600;190000;112998;15340000000;4.00;20.97;5.90;115158;2732200;15.80;20700000;71.72;3300000000;3.40;5700000000;0;0;5700000000;132000000000;252000;;;531100;1700000000;42954279;51.80;3304;11940000000;8768100;6186200;2.56;13.60
Comoros;2170;37.52;;8.40;232000000;22170000;23840000;28000000;441000000;700;2.00;0.12;;;880;88000000;-2.00;74.93;3.50;11;5000;;144500;61.96;11600000;3.00;;;;;;700;;;0;;671247;;;;13200;2000;5.09;20.00
Congo Democratic Republic of the;2345410;44.38;;14.43;11600000000;4168000000;6086000000;1417000000;42740000000;700;7.50;4.20;100000;1100000;157000;933000000;;92.87;14.00;153;50000;;14510000;49.35;93500000;1.50;;;;;104800000000;14000;;;24000;1538000000;60085804;;5138;;10000;1000000;6.54;
Congo Republic of the;342000;27.88;266000000;14.82;5000000000;573600000;348000000;2224000000;2324000000;800;3.70;4.90;9700;90000;12800;749300000;0.00;92.41;1.80;46;15000;25.80;;48.97;126500000;2.80;0;0;0;0;495500000;5000;;;227000;93500000;3039126;;894;40420000;7000;330000;3.54;
Cook Islands;240;;;;141000000;25110000;27000000;9100000;105000000;5000;7.10;;;;320;50700000;1.00;;3.20;;3600;;8000;;;;;;;;;450;;;0;;21388;;;;6200;1500;;13.00
Costa Rica;51100;18.60;-980300000;4.33;5962000000;5733000000;6614000000;6184000000;37970000000;9600;3.90;0.60;900;12000;35303;7842000000;3.10;9.95;11.50;10826;800000;19.20;1810000;76.84;64200000;0.40;;;;;;37000;;;0;;4016173;58.00;950;1736000000;1132000;528047;2.28;6.60
Cote d'Ivoire;322460;35.51;-421500000;14.94;11810000000;2976000000;4759000000;5124000000;24780000000;1500;-1.00;7.00;47000;570000;50400;3360000000;15.00;90.83;1.40;3795;90000;11.30;6700000;48.62;180200000;1.20;1350000000;0;0;1350000000;14870000000;32000;;;29300;220000000;17298040;74.80;660;1950000000;328000;1236000;4.58;13.00
Croatia;56542;9.57;-1925000000;11.38;26400000000;15200000000;12510000000;7845000000;50330000000;11200;3.70;0.10;10;200;28344;16700000000;2.70;6.84;2.50;29644;1014000;28.60;1710000;74.45;620000000;2.39;2840000000;0;1080000000;1760000000;34360000000;89000;;;21000;93600000;4495904;41.70;2726;8563000000;1825000;2553000;1.39;13.80
Cuba;110860;12.03;-185100000;7.19;12090000000;13400000000;14410000000;2104000000;33920000000;3000;3.00;0.10;200;3300;60858;5296000000;1.40;6.33;3.10;1529;120000;11.20;4550000;77.23;572300000;1.80;600000000;0;0;600000000;42620000000;163000;;;77900;532000000;11346670;;4226;738600000;574400;17900;1.66;2.50
Cyprus;9250;12.57;-619900000;7.64;7327000000;602000000;4000000000;49300000;4540000000;7135;2.60;0.10;;1000;13943;415200000;-0.30;7.18;2.40;5901;210000;17.90;95025;77.65;384000000;3.80;;;;;;49000;;;300;;780133;74.90;;941600000;86228;143178;1.83;3.20
Czech Republic;78866;9.07;-5730000000;10.54;36280000000;55330000000;71750000000;66510000000;172200000000;16800;3.70;0.10;10;2500;127204;68190000000;4.70;3.93;3.20;295677;2700000;29.00;5250000;76.02;2170000000;2.02;9892000000;1000000;9521000000;160000000;3057000000;175700;26670;192300;7419;17250000;10241138;33.50;9520;32780000000;3626000;9708700;1.20;10.60
Denmark;43094;11.36;6529000000;10.43;21700000000;31630000000;36380000000;73060000000;174400000000;32200;2.10;0.20;100;5000;71847;63450000000;1.70;4.56;1.40;1219925;2756000;19.80;2870000;77.62;3271600000;1.50;5280000000;3100000000;0;8380000000;81980000000;218000;332100;195000;346200;1230000000;5432335;42.50;3002;37980000000;3610100;4785300;1.74;6.20
Dhekelia;131;;;;;;;;;;;;;;;;;;;;;;;;;;;;;;;;;;;;;;;;;;;
Djibouti;23000;39.98;;19.39;366000000;167400000;180000000;155000000;619000000;1300;3.50;2.90;690;9100;2890;665000000;3.00;104.13;2.00;702;6500;;282000;43.10;28600000;4.40;;;;;;11300;;;0;;476703;;100;;9500;23000;5.40;50.00
Dominica;754;15.73;;6.81;161500000;63620000;68410000;39000000;384000000;5500;-1.00;;;;780;98200000;-10.00;14.15;1.00;681;12500;;25000;74.65;;;;;;;;600;;;0;;69029;;;;23700;9400;1.96;23.00
Dominican Republic;48730;23.28;762200000;7.35;7745000000;8912000000;9583000000;5446000000;55680000000;6300;1.70;1.70;7900;88000;12600;8093000000;2.00;32.38;55.00;64197;500000;18.90;;67.26;180000000;1.10;;;;;;129000;;129900;0;;8950034;61.10;1743;426000000;901800;2120400;2.86;17.00
East Timor;15007;27.19;;6.30;;;;8000000;370000000;400;1.00;;;;3800;167000000;8.50;47.41;4.00;;;;;65.90;4400000;;;;;;;;;;;;1040880;;;;;;3.61;50.00
Ecuador;283560;22.67;261100000;4.24;16810000000;75580000000;81270000000;7560000000;49510000000;3700;5.80;0.30;1700;21000;43197;7650000000;10.00;23.66;2.00;3188;569700;20.60;4530000;76.21;655000000;2.20;160000000;0;0;160000000;106500000000;129000;387000;;523000;4408000000;13363593;49.20;966;1436000000;1549000;2394400;2.72;11.10
Egypt;1001450;23.32;2113000000;5.26;33750000000;75580000000;81270000000;11000000000;316300000000;4200;4.50;0.10;700;12000;64000;19210000000;2.50;32.59;9.50;3401;2700000;15.80;20710000;71.00;2440000000;3.40;21200000000;0;0;21200000000;1264000000000;562000;;;740000;2700000000;77505756;102.70;5063;14030000000;8735700;5797500;2.88;10.90
El Salvador;21040;27.04;-880500000;5.85;4792000000;4450000000;4158000000;3249000000;32350000000;4900;1.80;0.70;2200;29000;10029;5968000000;0.70;25.10;5.40;4084;550000;16.60;2750000;71.22;157000000;1.10;;;;;;39000;;;0;;6704932;41.70;283;1888000000;752600;1149800;3.16;6.30
Equatorial Guinea;28051;36.18;-578600000;12.00;248000000;24820000;26690000;2771000000;1270000000;2700;20.00;3.40;370;5900;2880;1167000000;30.00;85.13;8.50;3;1800;50.80;;55.56;126200000;2.50;20000000;0;0;20000000;68530000000;2000;;;350000;563500000;535881;;;235200000;9600;41500;4.62;30.00
Eritrea;121320;38.62;-144900000;13.53;311000000;229400000;246600000;64440000;4154000000;900;2.50;2.70;6300;60000;4010;622000000;;74.87;10.00;1047;9500;26.30;;52.16;151000000;13.40;;;;;;6000;;;0;;4561599;;306;30870000;38100;;5.61;
Estonia;45226;9.91;-1169000000;13.21;8373000000;6358000000;8301000000;5701000000;19230000000;14300;6.00;1.10;200;7800;55944;7318000000;5.00;7.87;3.00;82142;444000;28.20;660000;71.77;155000000;2.00;1270000000;0;1270000000;0;;24000;;;5100;;1332893;5.40;958;1503000000;475000;881000;1.39;9.60
Ethiopia;1127127;38.61;-464400000;15.06;2900000000;1998000000;2149000000;562800000;54890000000;800;11.60;4.40;120000;1500000;33297;2104000000;6.70;95.32;2.40;9;75000;17.80;;48.83;337100000;4.60;;;;;12460000000;23000;;;0;214000;73053286;;681;923100000;435000;97800;5.33;
Europa Island;28;;;;;;;;;;;;;;;;;;;;;;;;;;;;;;;;;;;;;;;;;;;
#European Union;3976372;10.10;;10.10;;2661000000000;2888000000000;1109000000000;11650000000000;26900;2.40;;;;4634810;1123000000000;2.40;5.20;2.10;22000414;206032067;19.50;215000000;78.20;;;467700000000;78100000000;297800000000;242600000000;3256000000000;14540000;5322000;15690000;2648000;28210000000;457030418;;222293;;238763162;314644700;1.48;9.50
Falkland Islands (Islas Malvinas);12173;;;;;17720000;19060000;82000000;75000000;25000;;;;;440;53000000;;;3.60;;;;1100;;;;;;;;;200;;;0;;2967;;;;2400;0;;
Faroe Islands;1399;13.97;;8.69;64000000;204600000;220000000;408000000;1000000000;22000;10.00;;;;463;466000000;8.00;6.24;5.10;;25000;;24250;79.21;;;;;;;;4500;;;0;;46962;;;;23000;30700;2.20;1.00
Fiji;18270;22.73;;5.65;188100000;697500000;750000000;609000000;5173000000;5900;3.60;0.10;200;600;3440;835000000;;12.62;1.60;493;55000;;137000;69.53;36000000;2.20;;;;;;5700;;;0;;893354;;597;;102000;109900;2.75;7.60
Finland;338145;10.50;11390000000;9.79;30000000000;78580000000;71590000000;61040000000;151200000000;29000;3.00;0.10;100;1500;78197;45170000000;2.00;3.57;0.70;1219173;2650000;18.30;2660000;78.35;1800000000;2.00;4557000000;0;4567000000;0;;211400;101000;318300;0;;5223442;46.80;5851;11170000000;2548000;4700000;1.73;8.90
France;547030;12.15;-305000000;9.08;;414700000000;528600000000;419000000000;1737000000000;28700;2.10;0.40;1000;120000;893100;419700000000;1.70;4.26;2.30;2396761;21900000;19.20;27700000;79.60;45238100000;2.60;42010000000;1725000000;40260000000;1898000000;12860000000;2026000;409600;2281000;34920;144300000;60656178;67.70;32175;70760000000;33905400;41683100;1.85;10.10
French Guiana;91000;20.70;;4.85;1200000000;427900000;460100000;155000000;1551000000;8300;;;;;817;625000000;;12.07;1.50;;3200;;58800;77.09;;;;;;;;6500;;;0;;195506;;;;51000;138200;3.01;22.00
French Polynesia;4167;16.93;;4.63;;353400000;380000000;244000000;4580000000;17500;;;;;2590;1341000000;;8.44;1.50;5123;35000;;70000;75.90;;;;;;;;4750;;;0;;270485;;;;52500;90000;2.04;11.80
French Southern and Antarctic Lands;7829;;;;;;;;;;;;;;;;;;;;;;;;;;;;;;;;;;;;;;;;;;;
Gabon;267667;36.24;196800000;11.72;3804000000;1080000000;1161000000;3710000000;7966000000;5900;1.90;8.10;3000;48000;8464;1225000000;1.60;53.64;1.50;93;35000;21.80;650000;55.75;184800000;2.00;80000000;0;0;80000000;66470000000;13000;;;264900;2022000000;1389201;29.30;814;268600000;38400;300000;4.77;21.00
Gambia The;11300;39.86;-16400000;11.81;476000000;83990000;90310000;114400000;2799000000;1800;6.00;1.20;600;6800;2700;180900000;;72.02;7.00;568;25000;25.30;400000;55.20;1000000;0.30;;;;;;1900;;;0;;1593256;;;113100000;38400;100000;5.38;
Gaza Strip;360;40.03;;3.87;108000000;;;205000000;768000000;600;4.50;;;;;1900000000;;22.93;2.20;;60000;;725000;71.79;;;;;;;;;;;;;1376289;;;;95729;320000;5.91;50.00
Georgia;69700;10.25;-632900000;9.09;1800000000;6811000000;6732000000;909400000;14450000000;3100;9.50;0.10;200;3000;20229;1806000000;3.00;18.59;5.50;5160;150500;18.50;2100000;75.88;23000000;0.59;1160000000;0;1100000000;60000000;;31500;;;2000;;4677401;;1612;231400000;650500;522300;1.41;17.00
Germany;357021;8.33;73590000000;10.55;;519500000000;560000000000;893300000000;2362000000000;28700;1.70;0.10;1000;43000;230735;716700000000;2.20;4.16;1.60;2686119;39000000;17.60;42630000;78.65;35063000000;1.50;99550000000;7731000000;85020000000;21000000000;293000000000;2891000;12990;2135000;74100;395800000;82431390;65.80;46039;96840000000;54350000;64800000;1.39;10.60
Ghana;239460;23.97;83870000;10.84;7396000000;6137000000;6922000000;3010000000;48270000000;2300;5.40;3.10;30000;350000;46176;3699000000;3.80;51.43;13.00;407;170000;19.70;10240000;56.00;49200000;0.60;;;;;11890000000;38000;;;7000;8255000;21029853;;953;1267000000;302300;799900;3.02;20.00
Gibraltar;7;10.87;;9.18;;96760000;104000000;136000000;769000000;27900;;;;;29;1743000000;;5.13;1.50;;6200;;14800;79.67;;;;;;;;42000;;;0;;27884;;;;24512;9797;1.65;2.00
Glorioso Islands;5;;;;;;;;;;;;;;;;;;;;;;;;;;;;;;;;;;;;;;;;;;;
Greece;131940;9.72;-8000000000;10.15;67230000000;47420000000;47220000000;15500000000;226400000000;21300;3.70;0.20;100;9100;117000;54280000000;4.10;5.53;2.90;208977;1718400;27.00;4400000;79.09;5890000000;4.30;2021000000;0;2018000000;35000000;254900000;405700;84720;468300;5992;4500000;10668354;112.00;2571;7300000000;5205100;8936200;1.33;10.00
Greenland;2166086;15.93;;7.77;25000000;227900000;245000000;388000000;1100000000;20000;1.80;;;100;;445000000;;15.82;1.60;2642;20000;;24500;69.65;;;;;;;;3700;;;0;;56375;;;;26000;16747;2.41;10.00
Grenada;344;22.30;;7.17;196000000;138600000;149000000;46000000;440000000;5000;2.50;;;;1040;208000000;0.70;14.62;2.80;18;15000;;42300;64.53;;;;;;;;1000;;;0;;89502;;;;33500;7600;2.37;12.50
Guadeloupe;1780;15.42;;6.06;;1079000000;1160000000;140000000;3513000000;7900;;;;;947;1700000000;;8.60;;;20000;;125900;77.90;;;;;;;;13000;;;0;;448713;;;;210000;323500;1.91;27.80
Guam;549;19.03;;4.41;;776600000;835000000;38000000;3200000000;21000;;;;;977;462000000;;6.94;0.00;;50000;;60000;78.40;;;;;;;;20000;;;0;;168564;;;;84134;32600;2.60;15.00
Guatemala;108890;34.11;-1381000000;6.81;5969000000;5760000000;6608000000;2911000000;59470000000;4200;2.60;1.10;5800;78000;14118;7770000000;4.10;35.93;7.20;20360;400000;14.90;3680000;65.14;201900000;0.80;;;;;1543000000;61000;3104;;25000;263000000;14655189;32.00;886;3084000000;846000;1577100;4.53;7.50
Guernsey;78;9.01;;9.95;;;;;2590000000;40000;3.00;;;;;;;4.71;4.90;;;;32290;80.30;;;;;;;;;;;;;65228;;;;55000;31500;1.38;0.50
Guinea;245857;42.03;-308300000;15.38;3250000000;795200000;855000000;709200000;19500000000;2100;1.00;3.20;9000;140000;30500;641500000;3.20;90.37;18.00;380;40000;21.00;3000000;49.86;56700000;1.70;;;;;;8600;;;0;;9467866;;837;201700000;26200;111500;5.83;
Guinea-Bissau;36120;37.65;;16.53;941500000;51150000;55000000;54000000;1008000000;700;2.60;10.00;1200;17000;4400;104000000;2.60;107.17;4.00;2;19000;;480000;46.97;8900000;3.10;;;;;;2500;;;0;;1416027;;;;10600;1300;4.93;
Guyana;214970;18.45;-129400000;8.32;1200000000;751400000;808000000;570200000;2899000000;3800;1.90;2.50;1100;11000;7970;650100000;7.10;33.26;4.50;613;125000;34.50;418000;65.50;6500000;0.90;;;;;;11000;;;0;;765283;;187;280600000;80400;87300;2.05;
Haiti;27750;36.59;-27630000;12.34;1200000000;574700000;618000000;338100000;12050000000;1500;-3.50;5.60;24000;280000;4160;1085000000;;73.45;22.00;;80000;;3600000;52.92;26000000;0.90;;;;;;11000;;;0;;8121622;;;80640000;130000;140000;5.02;
Heard Island and McDonald Islands;412;;;;;;;;;;;;;;;;;;;;;;;;;;;;;;;;;;;;;;;;;;;
Holy See (Vatican City);0;;;;;;;;;;;;;;;;;;;9;;;;;;;;;;;;;;;;;921;;;;;;;
Honduras;112090;30.38;258300000;6.87;5365000000;3771000000;3626000000;1457000000;18790000000;2800;4.20;1.80;4100;63000;13603;3332000000;7.70;29.32;7.00;1944;168600;24.10;2470000;65.60;100600000;1.40;;;;;;29000;;;0;;6975204;74.10;699;1464000000;322500;326500;3.87;28.50
Hong Kong;1092;7.23;14850000000;5.98;417600000000;38450000000;35510000000;268100000000;234500000000;34200;7.90;0.10;200;2600;1831;275900000000;1.00;2.97;-0.30;591993;3212800;22.70;3540000;81.39;;;680900000;0;680900000;;;257000;;;0;;6898686;2.10;;123600000000;3801300;7241400;0.91;6.70
Howland Island;2;;;;;;;;;;;;;;;;;;;;;;;;;;;;;;;;;;;;;;;;;;;
Hungary;93030;9.76;-7941000000;13.19;57000000000;35990000000;34070000000;54620000000;149300000000;14900;3.90;0.10;100;2800;159568;58680000000;9.60;8.57;7.00;383071;1600000;22.80;4170000;72.40;1080000000;1.75;13370000000;4000000;9587000000;3231000000;50450000000;140700;47180;136600;41190;110700000;10006835;58.30;7937;14800000000;3666400;6862800;1.32;5.90
Iceland;103000;13.73;-570000000;6.68;3073000000;7692000000;8271000000;2902000000;9373000000;31900;1.80;0.20;100;220;13004;3307000000;8.80;3.31;4.00;122175;195000;23.80;158100;80.19;;;;;;;;16300;0;15470;0;;296737;35.90;;935000000;190700;279100;1.92;3.10
India;3287590;22.32;4897000000;8.28;117200000000;510100000000;547200000000;69180000000;3319000000000;3100;6.20;0.90;310000;5100000;2525989;89330000000;7.40;56.29;4.20;86871;18481000;23.80;482200000;64.35;16970000000;2.50;22750000000;0;0;22750000000;542400000000;2130000;;;780000;5700000000;1080264388;59.70;63140;126000000000;48917000;26154400;2.78;9.20
Indonesia;1919440;20.71;7338000000;6.25;141500000000;92350000000;110200000000;69860000000;827400000000;3500;4.90;0.10;2400;110000;342700;45070000000;10.50;35.60;6.10;62036;8000000;16.60;111500000;69.57;1300000000;3.00;55300000000;39700000000;0;77600000000;2549000000000;1183000;518100;370500;971000;4900000000;241973879;56.20;6458;35820000000;7750000;11700000;2.44;9.20
Iran;1648000;16.83;2100000000;5.55;13400000000;119900000000;129000000000;38790000000;516700000000;7700;6.30;0.10;800;31000;167157;31300000000;3.50;41.58;15.50;5269;4300000;31.30;23000000;69.96;4300000000;3.30;72400000000;3400000000;4920000000;79000000000;26700000000000;1400000;2500000;;3962000;130800000000;68017860;27.00;7203;29870000000;14571100;3376500;1.82;11.20
Iraq;437072;32.50;-560000000;5.49;125000000000;33700000000;32600000000;10100000000;89800000000;3500;52.30;0.10;;500;45550;9900000000;;50.25;25.40;;25000;;6700000;68.70;1300000000;;2350000000;0;0;2350000000;3149000000000;383000;1490000;;2250000;112500000000;26074906;;1963;;675000;20000;4.28;25.00
Ireland;70280;14.47;-2881000000;7.85;11000000000;21780000000;22880000000;103800000000;126400000000;31900;5.10;0.10;100;2800;95736;60650000000;7.00;5.39;2.20;162228;1260000;23.80;1920000;77.56;700000000;0.90;4199000000;0;3384000000;815000000;9911000000;174400;27450;178600;0;0;4015676;31.20;3312;4152000000;1955000;3400000;1.87;4.30
Israel;20770;18.21;211900000;6.18;74460000000;38300000000;42670000000;34410000000;129000000000;20800;3.90;0.10;100;3000;16903;36840000000;4.50;7.03;0.00;437516;2000000;17.60;2680000;79.32;9110000000;8.70;10000000;0;0;10000000;20810000000;260000;;;80;1920000;6276883;104.50;640;28480000000;3006000;6334000;2.44;10.70
Italy;301230;8.89;-21100000000;10.30;913900000000;293900000000;261600000000;336400000000;1609000000000;27700;1.30;0.50;1000;140000;479688;329300000000;0.70;5.94;2.30;1437511;18500000;19.30;24270000;79.68;28182800000;1.80;71180000000;61000000;54780000000;15490000000;209700000000;1866000;456600;2158000;79460;586600000;58103033;105.60;19507;61500000000;26596000;55918000;1.28;8.60
Jamaica;10991;16.56;-830700000;5.37;5964000000;5849000000;6289000000;1679000000;11130000000;4100;1.90;1.20;900;22000;18700;3624000000;-2.00;12.36;12.40;1480;600000;32.00;1140000;76.29;31200000;0.40;;;;;;66000;;;0;;2731832;146.10;272;1400000000;444400;1400000;1.95;15.00
Jan Mayen;373;;;;;;;;;;;;;;;;;;;;;;;;;;;;;;;;;;;;;;;;;;;
Japan;377835;9.47;170200000000;8.95;;971000000000;1044000000000;538800000000;3745000000000;29400;2.90;0.10;500;12000;1171647;401800000000;6.60;3.26;-0.10;12962065;57200000;24.00;66970000;81.15;45841000000;1.00;80420000000;0;77730000000;2519000000;20020000000;5290000;93360;5449000;17330;29290000;127417244;164.30;23705;664600000000;71149000;86658600;1.39;4.70
Jarvis Island;5;;;;;;;;;;;;;;;;;;;;;;;;;;;;;;;;;;;;;;;;;;;
Jersey;116;9.66;;9.19;;630100000;;;3600000000;40000;;;;;577;;;5.24;5.30;;;;52790;79.24;;;;;;;;;;;;;90812;;;;73900;61400;1.57;0.90
Johnston Atoll;3;;;;;;;;;;;;;;;;;;;;;;;;;;;;;;;;;;;;361;;;;;;;
Jordan;92300;21.76;203200000;2.63;7320000000;7094000000;7307000000;3200000000;25500000000;4500;5.10;0.10;500;600;7301;7600000000;5.00;17.35;3.20;3160;457000;11.60;1410000;78.24;1460000000;14.60;290000000;0;0;290000000;3256000000;103000;0;100000;40;445000;5759732;85.80;505;5457000000;622600;1325300;2.71;15.00
Juan de Nova Island;4;;;;;;;;;;;;;;;;;;;;;;;;;;;;;;;;;;;;;;;;;;;
Kazakhstan;2717300;15.78;-39020000;9.46;26030000000;62210000000;66820000000;18470000000;118400000000;7800;9.10;0.20;200;16500;82980;13070000000;10.60;29.21;6.90;21984;250000;23.90;7950000;66.55;221800000;0.90;14300000000;11010000000;8696000000;11600000000;1800000000000;189400;890000;47000;1200000;26000000000;15185844;13.70;13601;14350000000;2081900;1027000;1.89;8.00
Kenya;582650;40.13;-459200000;14.65;6792000000;4337000000;4475000000;2589000000;34680000000;1100;2.20;6.70;150000;1200000;63942;4190000000;2.60;61.47;9.00;8325;400000;14.70;11400000;47.99;177100000;1.30;;;;;;57000;;;0;;33829590;74.30;2778;1500000000;328400;1590800;4.96;40.00
Kingman Reef;1;;;;;;;;;;;;;;;;;;;;;;;;;;;;;;;;;;;;;;;;;;;
Kiribati;811;30.86;;8.37;10000000;6510000;7000000;35000000;79000000;800;1.50;;;;670;83000000;0.70;48.52;2.50;;2000;;7870;61.71;;;;;;;;190;;;0;;103092;;;;4500;500;4.20;2.00
Korea North;120540;16.09;;7.05;12000000000;31260000000;33620000000;1200000000;30880000000;1400;1.00;;;;31200;2100000000;;24.04;;;;;9600000;71.37;5217400000;;;;;;;85000;;11500;0;;22912177;;5214;;1100000;;2.15;
Korea South;98480;10.08;26780000000;6.26;160000000000;293600000000;322500000000;250600000000;925100000000;19200;4.60;0.10;200;8300;86990;214200000000;10.10;7.05;3.60;694206;29220000;28.70;22900000;75.82;16180000000;2.80;20920000000;0;21110000000;0;;2070000;630100;2263000;0;;48422644;21.30;3125;199100000000;22877000;33591800;1.26;3.60
Kuwait;17820;21.88;12040000000;2.42;15020000000;30160000000;32430000000;27420000000;48000000000;21300;6.80;0.12;;;4450;11120000000;-5.00;9.95;2.30;3437;567000;8.00;1420000;77.03;2584500000;5.30;8700000000;0;0;8700000000;1548000000000;293000;1970000;;2319000;96500000000;2335648;29.60;;7333000000;486900;1420000;2.97;2.20
Kyrgyzstan;198500;22.48;-87920000;7.13;1970000000;10210000000;11720000000;646700000;8495000000;1700;6.00;0.10;200;3900;18500;775100000;6.00;35.64;3.20;12299;152000;17.00;2700000;68.16;19200000;1.40;2016000000;0;2000000000;16000000;;20000;;;2000;;5146281;;470;498700000;394800;53100;2.70;18.00
Laos;236800;35.99;-80760000;11.83;2490000000;3036000000;3560000000;365500000;11280000000;1900;6.00;0.10;200;1700;21716;579500000;9.70;85.22;12.30;937;15000;;2600000;55.08;10700000;0.50;;;;;;2750;;;0;;6217141;;;193100000;61900;55200;4.77;5.70
Latvia;64589;9.04;-1251000000;13.70;7368000000;5829000000;4547000000;3569000000;26530000000;11500;7.60;0.60;500;7600;60472;5970000000;8.50;9.55;6.00;51758;936000;26.10;1170000;71.05;87000000;1.20;1700000000;0;1700000000;0;;44000;;;0;;2290237;11.80;2303;1650000000;653900;1219600;1.26;8.80
Lebanon;10400;18.88;-2389000000;6.24;15840000000;8591000000;8066000000;1783000000;18830000000;5000;4.00;0.10;200;2800;7300;8162000000;;24.52;2.00;6998;400000;26.00;2600000;72.63;540600000;3.10;;;;;;107000;;;0;;3826018;177.90;401;16300000000;678800;775100;1.92;18.00
Lesotho;30355;26.53;-108300000;25.03;735000000;308000000;314000000;484500000;5892000000;3200;3.30;28.90;29000;320000;5940;730900000;15.50;84.23;5.30;119;21000;39.60;838000;36.68;32300000;2.30;;;;;;1500;;;0;;1867035;;;402200000;28600;92000;3.35;45.00
Liberia;111370;44.22;;17.87;2100000000;454600000;488800000;1079000000;2903000000;900;21.80;5.90;7200;100000;10600;5051000000;;128.87;15.00;14;1000;;;47.69;1500000;0.20;;;;;;3100;;;0;;3482211;;490;;7000;2000;6.09;85.00
Libya;1759540;26.82;9895000000;3.48;4069000000;19430000000;20890000000;18650000000;37480000000;6700;4.90;0.30;;10000;83200;7224000000;;24.60;2.90;67;160000;9.90;1590000;76.50;1300000000;3.90;5410000000;770000000;0;6180000000;1321000000000;216000;;;1518000;38000000000;5765563;8.80;;24180000000;750000;100000;3.34;30.00
Liechtenstein;160;10.41;;7.06;0;;;2470000000;825000000;25000;11.00;;;;250;917300000;;4.70;1.00;3727;20000;;29000;79.55;;;;;;;;;;;;;33717;;;;19900;11400;1.51;1.30
Lithuania;65200;8.62;-1600000000;10.92;10010000000;10170000000;17930000000;8880000000;45230000000;12500;6.60;0.10;200;1300;77148;11020000000;12.00;6.89;1.10;67769;695700;21.90;1630000;73.97;230800000;1.90;2760000000;0;2760000000;0;;72000;;;4594;;3596617;25.20;1998;4610000000;824200;2169900;1.19;8.00
Luxembourg;2586;12.06;;8.41;;5735000000;2511000000;13400000000;27270000000;58900;2.30;0.20;100;500;5210;16300000000;2.90;4.81;2.40;28214;165000;19.80;293700;78.74;231600000;0.90;865000000;0;867000000;0;;50650;634;50700;0;;468571;;274;;355400;473000;1.79;4.50
Macau;25;8.04;;4.23;2700000000;1772000000;1719000000;2580000000;9100000000;19400;15.60;;;;341;2760000000;;4.39;2.00;89;120000;;231500;82.03;;;;;;;;11190;;;0;;449198;;;;174600;364000;0.93;4.70
Macedonia;25333;12.00;-311000000;8.73;1863000000;7216000000;6273000000;1629000000;14400000000;7100;1.30;0.10;100;200;8684;2677000000;0.00;10.09;0.40;3738;100000;17.50;855000;73.73;200000000;6.00;;;;;;22000;;;0;;2045262;20.00;699;928000000;560000;365300;1.57;37.70
Madagascar;587040;41.66;-281900000;11.35;4600000000;781400000;840200000;868200000;14560000000;800;5.50;1.70;7500;140000;49827;1147000000;3.00;76.83;7.50;773;70500;14.70;7300000;56.95;44600000;1.20;;;;;0;13000;;;0;0;18040341;;732;500300000;59600;279500;5.66;
Malawi;118480;43.95;-55500000;23.39;3129000000;1012000000;1088000000;503400000;7410000000;600;4.00;14.20;84000;900000;28400;521100000;1.40;103.32;12.00;18;36000;10.70;4500000;36.97;11100000;0.70;;;;;;5400;;;0;;12158924;228.30;797;160500000;85000;135100;5.98;
Malaysia;329750;23.07;11810000000;5.06;53360000000;68400000000;75330000000;123500000000;229300000000;9700;7.10;0.40;2000;52000;65877;99300000000;10.20;17.70;1.30;107971;8692100;21.70;10490000;72.24;1690000000;2.03;31250000000;22410000000;0;53660000000;2230000000000;460000;230200;;785000;3200000000;23953136;45.40;2418;55270000000;4571600;11124100;3.07;3.00
Maldives;300;35.43;;7.24;281000000;115700000;124400000;90000000;1250000000;3900;2.30;0.10;;100;;392000000;4.40;56.52;1.00;532;15000;;88000;64.06;41100000;5.50;;;;;;3200;;;0;;349106;;;;28700;41900;5.02;
Mali;1240000;46.77;;19.05;3300000000;651000000;700000000;915000000;11000000000;900;4.00;1.90;12000;140000;15100;927000000;;116.79;4.50;187;25000;;3930000;45.09;22400000;0.40;;;;;;4000;;;0;;12291529;;729;;56600;250000;6.50;5.30
Malta;316;10.17;-241000000;8.00;130000000;2000000000;2150000000;2625000000;7223000000;18200;1.00;0.20;100;500;2222;3407000000;;3.89;2.90;7156;120000;26.40;160000;78.86;31100000;0.70;;;;;;20000;;;0;;398534;;;2865000000;208300;290000;1.50;7.00
Man Isle of;572;11.18;;11.26;;;;;2113000000;28500;;;;;800;;3.20;5.93;3.60;;;;39690;78.34;;;;;;;;;;;;;75049;;61;;51000;;1.65;0.60
Marshall Islands;181;33.52;;4.88;86500000;;;9000000;115000000;1600;1.00;;;;65;54000000;;29.45;2.00;6;1400;;28700;70.01;;;;;;;;;;;;;59071;;;;4500;600;3.93;30.90
Martinique;1100;14.14;;6.44;180000000;1095000000;1178000000;250000000;6117000000;14400;;;;;2105;2000000000;;7.09;3.90;;40000;;165900;79.04;;;;;;;;13500;;;0;;432900;;;;172000;319900;1.79;27.20
Mauritania;1030700;41.43;;12.44;2500000000;176900000;190200000;541000000;5534000000;1800;3.00;0.60;;9500;7660;860000000;2.00;70.89;7.00;25;10000;;786000;52.73;20800000;1.70;;;;;;24000;;;0;;3086859;;;;31500;300000;5.94;20.00
Mauritius;2040;15.62;284100000;6.83;1780000000;1707000000;1836000000;2012000000;15680000000;12800;4.70;0.10;100;700;2000;2245000000;8.00;15.03;4.50;3985;150000;22.50;560000;72.38;12500000;0.20;;;;;;21000;;;0;;1230602;29.20;;1676000000;348200;462400;1.96;10.80
Mayotte;374;41.58;;7.90;;;;3440000;466800000;2600;;;;;93;141300000;;62.40;;;;;48800;61.39;;;;;;;;;;;;;193633;;;;10000;21700;5.89;38.00
Mexico;1972550;21.01;-4113000000;4.73;149900000000;189700000000;203600000000;182400000000;1006000000000;9600;4.10;0.30;5000;160000;329532;190800000000;3.80;20.91;5.40;1333406;10033000;19.40;34730000;75.19;6043000000;0.90;55100000000;0;7850000000;47300000000;420000000000;1752000;1863000;205000;3460000;18000000000;106202903;23.50;19510;60670000000;15958700;28125000;2.45;3.20
Micronesia Federated States of;702;25.11;;4.87;53100000;178600000;192000000;22000000;277000000;2000;1.00;;;;240;149000000;;30.21;1.00;;6000;;;69.75;;;;;;;;;;;;;108105;;;;10100;1800;3.25;16.00
Midway Islands;6;;;;;;;;;;;;;;;;;;;;;;;;;;;;;;;;;;;;;;;;;;;
Moldova;33843;15.27;-148400000;12.79;1400000000;4605000000;3876000000;1030000000;8581000000;1900;6.80;0.20;300;5500;12719;1830000000;17.00;40.42;11.50;11984;150000;17.10;1360000;65.18;8700000;0.40;2050000000;0;2050000000;0;;24000;;;0;;4455421;63.40;1138;390000000;706900;338200;1.81;8.00
Monaco;2;9.26;;12.71;18000000000;;;;870000000;27000;0.90;;;;50;;;5.43;1.90;533;16000;;30540;79.57;;;;;;;;;;;;;32409;;;;33700;19300;1.76;22.00
Mongolia;1564116;21.52;;7.03;1191000000;2209000000;2692000000;853000000;5332000000;1900;10.60;0.10;200;500;49256;1000000000;4.10;53.79;11.00;1000;220000;;1488000;64.52;23100000;2.20;;;;;;11000;497;11000;542;;2791272;;;;142300;404400;2.26;6.70
Montserrat;102;17.56;;7.17;8900000;1674000;1800000;700000;29000000;3400;-1.00;;;;227;17000000;;7.35;2.60;;;;4521;78.71;;;;;;;;400;;;0;;9341;;;;;70;1.78;6.00
Morocco;446550;22.29;765400000;5.64;17070000000;14240000000;13910000000;9754000000;134600000000;4200;4.40;0.10;;15000;57694;15630000000;;41.62;2.10;3627;800000;22.40;11020000;70.66;2305600000;5.00;50000000;0;0;50000000;665400000;167000;;;1000;300000000;32725847;70.20;1907;15140000000;1219200;7332800;2.73;12.10
Mozambique;801590;35.79;-101200000;20.99;966000000;5046000000;8859000000;689400000;23380000000;1200;8.20;12.20;110000;1300000;30400;972900000;3.40;130.79;12.80;3249;50000;47.00;9200000;40.32;117300000;2.20;60000000;0;0;60000000;63710000000;8500;;;0;0;19406703;;3123;1206000000;83700;428900;4.70;21.00
Namibia;825418;25.16;234300000;18.36;1136000000;1920000000;1167000000;1356000000;14760000000;7300;4.80;21.30;16000;210000;42237;1473000000;;48.98;4.20;3164;65000;19.60;840000;43.93;168400000;3.10;;;;;31150000000;13000;;;0;0;2030692;38.50;2382;360000000;127400;223700;3.18;35.00
Nauru;21;25.14;;6.82;33300000;27900000;30000000;640000;60000000;5000;;;;;30;19800000;;9.95;-3.60;;300;;;62.73;;;;;;;;1000;;;0;;13048;;;;1900;1500;3.19;90.00
Navassa Island;5;;;;;;;;;;;;;;;;;;;;;;;;;;;;;;;;;;;;;;;;;;;
Nepal;140800;31.45;;9.47;2700000000;2005000000;2054000000;568000000;39530000000;1500;3.00;0.50;3100;61000;13223;1419000000;8.70;66.98;2.90;917;80000;;10000000;59.80;99200000;1.50;;;;;;16000;;;0;;27676547;;59;;371800;50400;4.19;47.00
Netherlands;41526;11.14;19900000000;8.68;;100700000000;90610000000;293100000000;481100000000;29500;1.20;0.20;100;19000;116500;252700000000;0.80;5.04;1.40;4518226;8500000;19.90;7530000;78.81;9408000000;1.60;49720000000;49280000000;20780000000;77750000000;1693000000000;895300;1418000;2284000;46200;88060000;16407491;55.80;2808;21440000000;10004000;12500000;1.66;6.00
Netherlands Antilles;960;15.00;;6.41;1350000000;934300000;1005000000;1579000000;2450000000;11400;0.50;;;;600;2233000000;;10.03;2.10;119;2000;;89000;75.83;;;;;;;;72000;;;0;;219958;;;;81000;81000;2.00;15.60
New Caledonia;19060;18.49;;5.65;79000000;1471000000;1581000000;448000000;3158000000;15000;;;;;5432;1007000000;-0.60;7.72;-0.60;4449;60000;;79400;74.04;;;;;;;;8750;;;0;;216494;;;;52000;80000;2.31;19.00
New Zealand;268680;13.90;-3647000000;7.53;47340000000;35710000000;38390000000;19850000000;92510000000;23200;4.80;0.10;200;1400;92382;19770000000;5.90;5.85;2.40;474395;2110000;22.40;2050000;78.66;1147000000;1.00;6504000000;0;0;6504000000;58940000000;132700;30220;119700;42160;89620000;4035461;22.10;3898;4805000000;1765000;2599000;1.79;4.20
Nicaragua;129494;24.88;-843100000;4.49;4573000000;2318000000;2553000000;750000000;12340000000;2300;4.00;0.20;;6400;18712;2020000000;4.40;29.11;9.30;7094;90000;28.00;1930000;70.33;32800000;0.70;;;;;;25770;738;27950;0;;5465100;69.50;6;670000000;171600;202800;2.81;7.80
Niger;1267000;48.30;;21.33;1600000000;327600000;266200000;280000000;9716000000;900;3.50;1.20;4800;70000;10100;400000000;;121.69;3.00;134;15000;;70000;42.13;33300000;1.10;;;;;;5000;;;0;;11665937;;;;22400;24000;6.75;
Nigeria;923768;40.65;5228000000;17.18;30550000000;18430000000;19850000000;33990000000;125700000000;1000;6.20;5.40;310000;3600000;194394;17140000000;1.80;98.80;16.50;1142;750000;18.00;55670000;46.74;544600000;0.80;7850000000;7830000000;0;15680000000;4007000000000;275000;;;2356000;34000000000;128771988;20.00;3557;14710000000;853100;3149500;5.53;
Niue;260;;;;418000;2790000;3000000;137200;7600000;3600;-0.30;;;;234;2380000;;;1.00;;;;;;;;;;;;;20;;;0;;2166;;;;1100;400;;
Norfolk Island;35;;;;;;;1500000;;;;;;;80;17900000;;;;;700;;1345;;;;;;;;;;;;;;1828;;;;2532;0;;0.00
Northern Mariana Islands;477;19.51;;2.30;;;;;900000000;12500;;;;;362;;;7.11;1.20;;;;6006;75.88;;;;;;;;;;;;;80362;;;;21000;3000;1.27;
Norway;324220;11.67;30520000000;9.45;0;107400000000;125900000000;76640000000;183000000000;40000;3.30;0.10;100;2100;91852;45960000000;5.20;3.70;1.00;593850;2288000;17.50;2380000;79.40;4033500000;1.90;4100000000;50500000000;0;54600000000;1716000000000;171100;3466000;88870;3310000;9859000000;4593041;33.10;4077;;3343000;4163400;1.78;4.30
Oman;212460;36.73;2674000000;3.86;4814000000;9792000000;9896000000;13140000000;38090000000;13100;1.20;0.10;200;1300;34965;6373000000;-1.20;19.51;0.20;726;180000;13.50;920000;73.13;252990000;11.40;6340000000;7430000000;0;13770000000;829700000000;54000;721000;;775000;5500000000;3001583;10.30;;4144000000;233900;464900;5.84;15.00
Pakistan;803940;30.42;1400000000;8.45;33970000000;52660000000;75270000000;15070000000;347300000000;2200;6.10;0.10;4900;74000;257683;14010000000;13.10;72.44;4.80;15124;1500000;16.40;45430000;63.00;3848000000;4.90;23400000000;0;0;23400000000;695600000000;365000;;;61000;325500000;162419946;71.40;8163;12580000000;3982800;2624800;4.14;8.30
Palau;458;18.37;;6.85;0;;;18000000;174000000;9000;1.00;;;;61;99000000;;14.84;3.40;;;;9845;70.14;;;;;;;;;;;;;20303;;;;6700;1000;2.46;2.30
Palmyra Atoll;12;;;;;;;;;;;;;;;;;;;;;;;;;;;;;;;;;;;;;;;;;;;
Panama;78200;19.96;-469600000;6.54;8780000000;4473000000;4873000000;5699000000;20570000000;6900;6.00;0.90;;16000;11643;7164000000;5.40;20.47;2.00;7129;120000;25.00;1320000;71.94;147000000;1.10;;;;;;40520;;;0;;3039150;69.20;355;1076000000;386900;834000;2.45;12.60
Papua New Guinea;462840;29.95;29150000;7.37;2463000000;1561000000;1679000000;2437000000;11990000000;2200;0.90;0.60;600;16000;19600;1353000000;;51.45;4.20;389;75000;13.60;3320000;64.93;16900000;1.40;110000000;0;0;110000000;385500000000;15000;;;46200;170000000;5545268;59.30;;635800000;62000;15000;3.96;
Paraguay;406750;29.43;-36110000;4.53;3239000000;2469000000;48360000000;2936000000;29930000000;4800;2.80;0.50;600;15000;29500;3330000000;0.00;25.63;5.10;9243;120000;18.10;2660000;74.89;53100000;0.90;;;;;;25000;;;0;;6347884;39.20;441;1164000000;273200;1770300;3.93;15.10
Peru;1285220;20.87;-30000000;6.26;29790000000;20220000000;22880000000;12300000000;155300000000;5600;4.50;0.50;4200;82000;78230;9600000000;5.20;31.94;3.80;65868;2850000;17.80;11000000;69.53;829300000;1.40;910000000;0;0;910000000;245100000000;161000;49000;;95500;408800000;27925628;44.10;3462;12700000000;1839200;2908800;2.56;9.60
Philippines;300000;25.31;3600000000;5.47;55600000000;46050000000;52860000000;38630000000;430600000000;5000;5.90;0.10;500;9000;202124;37500000000;5.00;23.51;5.50;38440;3500000;17.00;35860000;69.91;805500000;1.00;25000000;0;0;2500000;107600000000;338000;0;312000;26000;152000000;87857473;74.20;897;16050000000;3310900;15201000;3.16;11.70
Pitcairn Islands;47;;;;;;;;;;;;;;6;;;;;;;;15;;;;;;;;;;;;;;46;;;;1;;;
Poland;312685;10.78;-3831000000;10.01;99150000000;117400000000;133800000000;75980000000;463000000000;12000;5.60;0.10;100;14000;364697;81610000000;10.00;8.51;3.40;804915;8970000;18.40;17020000;74.41;3500000000;1.71;13850000000;41000000;8782000000;5471000000;154400000000;424100;53000;413700;17180;116400000;38635144;49.90;23852;41880000000;12300000;17401000;1.39;19.50
Portugal;92391;10.82;-8120000000;10.43;274700000000;42150000000;43280000000;37680000000;188700000000;17900;1.10;0.40;1000;22000;17135;52100000000;1.10;5.05;2.10;346078;3600000;22.30;5480000;77.53;3497800000;2.30;2542000000;0;2553000000;0;;339800;28830;357300;0;;10566212;61.50;2850;12300000000;4278800;9341400;1.47;6.50
Puerto Rico;9104;13.93;;7.86;;20540000000;22090000000;46900000000;68950000000;17700;2.70;;;7397;25328;29100000000;;8.24;6.50;;600000;;1300000;77.62;;;630000000;0;630000000;0;;190000;;;0;;3916632;;96;;1329500;1211111;1.91;12.00
Qatar;11437;15.54;5187000000;4.61;18620000000;9046000000;9727000000;15000000000;19490000000;23200;8.70;0.09;;;1230;6150000000;10.00;18.61;3.00;221;126000;22.90;140000;73.67;723000000;10.00;15860000000;18200000000;0;32400000000;14410000000000;30000;;;790000;16000000000;863051;;;3351000000;184500;376500;2.87;2.70
Reunion;2517;19.26;;5.48;;1084000000;1166000000;214000000;4570000000;6000;2.50;;;;1214;2500000000;;7.78;;;150000;;309900;73.95;;;;;;;;18000;;;0;;776948;;;;300000;489800;2.47;36.00
Romania;237500;10.70;-3631000000;11.74;24590000000;57500000000;56530000000;23540000000;171500000000;7700;8.10;0.10;350;6500;198755;28430000000;4.00;26.43;9.60;50807;4000000;23.30;9660000;71.35;985000000;2.47;18500000000;0;5400000000;12600000000;111100000000;253800;;;128000;1055000000;22329977;23.60;11385;16210000000;4300000;6900000;1.36;6.30
Russia;17075200;9.80;46040000000;14.52;169600000000;894300000000;915000000000;162500000000;1408000000000;9800;6.70;1.10;9000;860000;537289;92910000000;6.40;15.39;11.50;560874;6000000;19.10;71830000;67.10;;;405800000000;171000000000;32700000000;578600000000;47000000000000;2310000;6110000;;8420000;69000000000;143420309;28.20;87157;124500000000;35500000;17608800;1.27;8.30
Rwanda;26338;40.60;-212500000;16.32;1300000000;195000000;166700000;69780000;10430000000;1300;0.90;5.10;22000;250000;12000;260000000;7.00;91.23;7.00;1495;25000;20.00;4600000;46.96;50100000;3.20;;;;;28320000000;5300;;;0;0;8440820;;;210900000;23200;134000;5.49;
Saint Helena;410;12.33;;6.43;;4650000;5000000;17000000;18000000;2500;;;;;198;42000000;;19.00;3.20;;500;;3500;77.76;;;;;;;;200;;;0;;7460;;;;2200;0;1.54;14.00
Saint Kitts and Nevis;261;18.12;;8.47;171000000;98440000;105800000;70000000;339000000;8800;-1.90;;;;320;195000000;;14.49;1.70;51;10000;;18170;72.15;;;;;;;;710;;;0;;38958;;50;;23500;5000;2.33;4.50
Saint Lucia;616;20.05;;5.12;214000000;251300000;270300000;66000000;866000000;5400;3.30;;;;1210;267000000;-8.90;13.53;3.00;41;13000;;43800;73.61;;;;;;;;2400;;;0;;166312;;;;51100;14300;2.21;20.00
Saint Pierre and Miquelon;242;13.83;;6.70;;40060000;43080000;10000000;48300000;7000;;;;;114;106000000;;7.54;2.10;;;;3261;78.46;;;;;;;;600;;;0;;7012;;;;4800;0;2.03;9.80
Saint Vincent and the Grenadines;389;16.34;;6.00;167200000;84820000;91200000;38000000;342000000;2900;0.70;;;;829;174000000;-0.90;14.78;-0.40;4;7000;;67000;73.62;;;;;;;;1250;;;0;;117534;;;;27300;10000;1.85;15.00
Samoa;2944;15.95;;6.54;197000000;113500000;122000000;14000000;1000000000;5600;5.00;;3;12;790;113000000;2.80;27.71;4.00;8225;4000;;90000;70.72;;;;;;;;1000;;;0;;177287;;;;11800;2700;3.01;
San Marino;61;10.18;;8.07;;;;;940000000;34600;7.50;;;;220;;6.00;5.73;3.30;1763;14300;;18500;81.62;700000;;;;;;;;;;;;28880;;;;20600;16800;1.33;2.60
Sao Tome and Principe;1001;40.80;-31500000;6.68;318000000;15810000;17000000;6700000;214000000;1200;6.00;;;;320;41000000;;43.11;14.00;1069;15000;31.50;;66.99;700000;0.80;;;;;;700;;;0;;187410;;;29780000;7000;4800;5.71;
Saudi Arabia;1960582;29.56;51500000000;2.62;34350000000;128500000000;138200000000;113000000000;310200000000;12000;5.00;0.01;;;152044;36210000000;2.80;13.24;0.80;15931;1500000;17.20;6620000;75.46;18000000000;10.00;56400000000;0;0;56400000000;6339000000000;1550000;7920000;0;9021000;261700000000;26417599;75.00;1392;23620000000;3502600;7238200;4.05;25.00
Senegal;196190;35.21;-518800000;10.60;3476000000;1615000000;1737000000;1374000000;18360000000;1700;3.20;0.80;3500;44000;14576;2128000000;4.70;55.51;0.80;672;225000;20.10;4650000;56.75;107300000;1.50;50000000;0;0;50000000;;31000;;;0;;11126832;55.20;906;820000000;228800;575900;4.75;48.00
Serbia and Montenegro;102350;12.12;-3008000000;10.49;12970000000;32330000000;31640000000;3245000000;26270000000;2400;6.50;0.20;100;10000;45290;9538000000;1.70;12.89;8.80;20207;847000;14.40;3200000;74.73;654000000;;602000000;0;0;602000000;24070000000;64000;;;15000;38750000;10829175;80.00;4380;3550000000;2611700;3634600;1.67;30.00
Seychelles;455;16.22;-98420000;6.34;218100000;202800000;218000000;256200000;626000000;7800;1.50;;;;373;393400000;;15.53;5.00;264;11700;39.50;30900;71.82;12300000;1.80;;;;;;4000;;;0;;81188;122.80;;70940000;21700;54500;1.75;
Sierra Leone;71740;42.84;;20.61;1500000000;237400000;255300000;49000000;3335000000;600;6.00;7.00;11000;170000;11300;264000000;;143.64;1.00;277;8000;;1369000;42.52;13200000;1.70;;;;;;6500;;;0;;6017643;;;;24000;67000;5.72;
Singapore;693;9.49;8800000000;4.16;19400000000;32000000000;35330000000;174000000000;120900000000;27800;8.10;0.20;200;4100;3130;155200000000;11.10;2.29;1.70;484825;2310000;27.40;2180000;81.62;4470000000;4.90;2500000000;0;2500000000;0;;700000;;;0;;4425720;102.50;;112800000000;1896100;3521800;1.05;3.40
Slovakia;48845;10.62;-1400000000;9.43;19540000000;28890000000;31150000000;29240000000;78890000000;14500;5.30;0.10;100;200;42970;29670000000;5.10;7.41;7.50;89592;1375800;24.00;2200000;74.50;406000000;1.89;6800000000;0;6600000000;190000000;7504000000;82000;;;1000;4500000;5431363;46.60;3661;14910000000;1294700;3678800;1.32;13.10
Slovenia;20273;8.95;-51640000;10.22;14650000000;11800000000;12490000000;14970000000;39410000000;19600;3.90;0.10;100;280;20250;16070000000;3.90;4.45;3.30;45491;750000;24.90;870000;76.14;370000000;1.70;1040000000;0;1040000000;0;;53300;;;20;;2011070;31.50;1201;8493000000;812300;1739100;1.24;6.40
Solomon Islands;28450;30.74;;3.98;180400000;29760000;32000000;74000000;800000000;1700;5.80;;;;1360;67000000;;21.29;10.00;398;2200;;26840;72.66;;;;;;;;1250;;;0;;538032;;;;6600;1000;4.04;
Somalia;637657;45.62;;16.97;3000000000;223500000;240300000;79000000;4597000000;600;2.80;1.00;;43000;22100;344000000;;116.70;;4;89000;;3700000;48.09;18900000;0.90;;;;;2832000000;4000;;;0;0;8591629;;;;100000;35000;6.84;
South Africa;1219912;18.48;-2480000000;21.32;27010000000;189400000000;202600000000;41970000000;491400000000;11100;3.50;21.50;370000;5300000;275971;39420000000;5.50;61.81;4.50;288633;3100000;16.70;16630000;43.27;3172000000;1.50;1800000000;0;0;1800000000;14160000000;460000;;;196200;7840000;44344136;45.90;22298;11680000000;4844000;16860000;2.24;26.20
South Georgia and the South Sandwich Islands;3903;;;;;;;;;;;;;;;;;;;;;;;;;;;;;;;;;;;;;;;;;;;
Spain;504782;10.10;-30890000000;9.63;771100000000;218400000000;229000000000;172500000000;937600000000;23300;2.60;0.70;1000;140000;664852;222000000000;3.00;4.42;3.20;1056950;9789000;25.40;19330000;79.52;9906500000;1.20;17960000000;0;17260000000;516000000;254900000;1497000;135100;1582000;7099;10500000;40341462;53.20;14268;19700000000;17567500;37506700;1.28;10.40
Spratly Islands;5;;;;;;;;;;;;;;;;;;;;;;;;;;;;;;;;;;;;;;;;;;;
Sri Lanka;65610;15.63;-587300000;6.49;10850000000;6228000000;6697000000;5306000000;80580000000;4000;5.20;0.10;200;3500;11650;7265000000;7.10;14.35;5.80;1882;200000;22.40;7260000;73.17;514800000;2.60;;;;;;75000;;;0;;20064776;104.30;1449;2475000000;881400;931600;1.85;7.80
Sudan;2505810;35.17;-763600000;9.16;21000000000;2400000000;2581000000;3395000000;76190000000;1900;6.40;2.30;23000;400000;11900;3496000000;8.50;62.50;9.00;;300000;16.00;11000000;58.54;587000000;3.00;;;;;99110000000;70000;275000;0;345000;1600000000;40187486;79.70;5995;1652000000;900000;650000;4.85;18.70
Suriname;163270;18.39;;7.16;321000000;1845000000;1984000000;495000000;1885000000;4300;4.20;1.70;500;5200;4492;604000000;6.50;23.57;23.00;18;20000;;104000;68.96;7500000;0.70;;;;;0;14000;1370;1644;12000;99000000;438144;;;;79800;168100;2.34;17.00
Svalbard;62049;;;;;;;;;;;0.00;0;0;;;;;;;;;;;;;;;;;;;;;;;2701;;;;;;;
Swaziland;17363;27.72;-82400000;25.26;320000000;1173000000;402000000;900100000;6018000000;5100;2.50;38.80;17000;220000;3107;1140000000;3.70;69.27;5.40;1401;27000;23.60;383200;35.65;40500000;1.40;;;;;;3500;;;0;;1173900;;301;320500000;46200;88000;3.70;34.00
Sweden;449964;10.36;24080000000;10.36;66500000000;138100000000;142800000000;121700000000;255400000000;28400;3.60;0.10;100;3600;213237;97970000000;5.50;2.77;0.70;945221;5125000;15.80;4460000;80.40;5729000000;1.70;949000000;0;968000000;0;;328600;203700;553100;0;;9001774;51.60;11481;19990000000;6579200;7949000;1.66;5.60
Switzerland;41290;9.77;40950000000;8.48;;54530000000;63470000000;130700000000;251900000000;33800;1.80;0.40;100;13000;71212;121100000000;4.70;4.39;0.90;667275;2556000;20.40;3770000;80.39;2548000000;1.00;3093000000;0;3093000000;0;;290400;10420;289500;0;;7489370;57.20;4533;69580000000;5419000;6172000;1.42;3.40
Syria;185180;28.29;1100000000;4.88;4000000000;24320000000;26150000000;6086000000;60440000000;3400;2.30;0.10;200;500;45697;5042000000;7.00;29.53;2.10;11;220000;16.30;5120000;70.03;858000000;5.90;5840000000;0;0;5840000000;240700000000;240000;285000;;525000;2500000000;18448752;32.00;2711;5000000000;2099300;400000;3.50;20.00
Taiwan;35980;12.64;21160000000;6.38;55500000000;147400000000;158500000000;170500000000;576200000000;25300;6.00;;;;37299;165400000000;12.20;6.40;1.70;2777085;13800000;18.00;10220000;77.26;7574000000;2.60;6640000000;410000000;6300000000;750000000;38230000000;988000;;;500;2900000;22894384;32.40;2508;246500000000;13355000;25089600;1.57;4.50
Tajikistan;143100;32.58;-52000000;8.39;888000000;14410000000;15080000000;1130000000;7950000000;1100;10.50;0.10;100;200;27767;1300000000;8.20;110.76;8.00;69;4100;22.00;3187000;64.56;35400000;3.90;1300000000;0;1250000000;50000000;;20000;;;250;;7163506;;482;145300000;242100;47600;4.05;40.00
Tanzania;945087;38.16;-327400000;16.71;7321000000;2566000000;2727000000;1248000000;23710000000;700;5.80;8.80;160000;1600000;88200;1972000000;8.40;98.54;5.40;5534;250000;16.20;19000000;45.24;20600000;0.20;;;;;11330000000;17000;;;0;0;36766356;5.00;3690;2175000000;149100;891200;5.06;
Thailand;514000;15.70;6736000000;7.02;50590000000;106100000000;118900000000;87910000000;524800000000;8100;6.10;1.50;58000;570000;57403;80840000000;8.50;20.48;2.80;103700;6971500;22.50;36430000;71.57;1775000000;1.80;23930000000;0;5200000000;18730000000;368200000000;785000;;;225000;600000000;65444371;47.60;4071;48300000000;6617400;26500000;1.88;1.50
Togo;56785;33.48;-125600000;11.80;1400000000;451200000;108800000;663100000;8684000000;1600;3.00;4.10;10000;110000;7520;824900000;;66.61;1.00;82;210000;19.10;1740000;52.64;35500000;1.90;;;;;;10000;;;0;;5681519;;568;267400000;60600;220000;4.61;
Tokelau;10;;;;0;;;98000;1500000;1000;;;;;;323000;;;;;;;;;;;;;;;;;;;;;1405;;;;300;0;;
Tonga;748;25.18;;5.35;63400000;23060000;24790000;27000000;244000000;2300;1.50;;;;680;86000000;8.60;12.62;10.30;18906;2900;;33910;69.53;;;;;;;;1000;;;0;;112422;;;;11200;9000;3.00;13.30
Trinidad and Tobago;5128;12.81;1548000000;9.37;2940000000;5341000000;5743000000;6671000000;11480000000;10500;5.70;3.20;1900;29000;8320;4650000000;7.20;24.31;3.30;8003;138000;19.40;590000;68.91;66700000;0.60;13760000000;11790000000;0;25000000000;589000000000;24000;;;140000;990000000;1088644;54.40;;2927000000;325100;361900;1.75;10.40
Tromelin Island;1;;;;;;;;;;;;;;;;;;;;;;;;;;;;;;;;;;;;;;;;;;;
Tunisia;163610;15.50;71850000;5.09;14710000000;10050000000;10720000000;9926000000;70880000000;7100;5.10;0.10;200;1000;18997;11520000000;4.40;24.77;4.10;281;630000;24.50;3550000;74.89;356000000;1.50;3830000000;0;1580000000;2250000000;77160000000;87000;;;72580;1700000000;10074951;59.20;2152;3509000000;1163800;1899900;1.75;13.80
Turkey;780580;16.83;-15300000000;5.96;16900000000;117900000000;139700000000;69460000000;508700000000;7400;8.20;0.10;;;354421;94500000000;16.50;41.04;9.30;355215;5500000;17.30;25300000;72.36;12155000000;5.30;15940000000;0;15750000000;312000000;8685000000;619500;46110;616500;48000;288400000;69660559;74.30;8671;37100000000;18916700;27887500;1.94;9.30
Turkmenistan;488100;27.68;114000000;8.78;2400000000;8908000000;11410000000;4000000000;27600000000;5700;7.50;0.10;100;200;24000;2850000000;22.00;73.08;9.00;524;8000;29.00;2320000;61.39;90000000;3.40;9600000000;43500000000;0;58570000000;1430000000000;63000;;;162500;273000000;4952081;;2440;3034000000;374000;52000;3.41;60.00
Turks and Caicos Islands;430;22.23;;4.28;;4650000;5000000;169200000;216000000;11500;4.90;;;;121;175600000;;15.67;4.00;;;;4848;74.51;;;;;;;;0;;;0;;20556;;;;5700;1700;3.08;10.00
Tuvalu;26;21.91;;7.22;;;;1000000;12200000;1100;3.00;;;;8;79000000;;20.03;5.00;;1300;;7000;68.01;;;;;;;;;;;;;11636;;;;700;0;3.00;
Uganda;236040;47.39;-590800000;12.80;3865000000;1401000000;1775000000;621700000;39390000000;1500;5.00;4.10;78000;530000;27000;1306000000;5.60;67.83;3.50;2692;125000;22.40;12410000;51.59;170300000;2.20;;;;;;8750;;;0;;27269482;73.90;1241;1200000000;61000;776200;6.74;
Ukraine;603700;10.49;4584000000;16.42;16370000000;132000000000;180000000000;32910000000;299100000000;6300;12.00;1.40;20000;360000;169679;31450000000;16.50;20.34;12.00;94345;3800000;18.80;21110000;66.85;617900000;1.40;79860000000;5800000000;60400000000;19600000000;560700000000;303000;;;72000;395000000;47425336;24.70;22473;11330000000;10833300;4200000;1.40;3.50
United Arab Emirates;82880;18.78;6300000000;4.26;5900000000;36510000000;45120000000;69480000000;63670000000;25200;5.70;0.18;;;1088;45660000000;4.00;14.51;3.20;56283;1110200;20.80;2360000;75.24;1600000000;3.10;33700000000;7190000000;0;44400000000;6060000000000;310000;2500000;0;2335000;97800000000;2563212;17.60;;18640000000;1135800;2972300;2.94;2.40
United Kingdom;244820;10.78;-33460000000;10.18;4710000000000;337400000000;395900000000;347200000000;1782000000000;29600;3.20;0.20;500;51000;392931;439400000000;0.90;5.16;1.40;3398708;25000000;16.20;29780000;78.38;42836500000;2.40;92850000000;15750000000;2700000000;105900000000;714900000000;1692000;1498000;1084000;1957000;25410000000;60441457;39.60;17186;48730000000;34898000;49677000;1.66;4.80
United States;9631418;14.14;-646500000000;8.25;1400000000000;3660000000000;3839000000000;795000000000;11750000000000;40100;4.40;0.60;14000;950000;6393603;1476000000000;4.40;6.50;2.50;115311958;159000000;15.70;147400000;77.71;370700000000;3.30;640900000000;11160000000;114100000000;548100000000;5195000000000;19650000;;;7800000;22450000000;295734134;65.00;228464;85940000000;181599900;158722000;2.08;5.50
Uruguay;176220;14.09;181800000;9.06;12800000000;5878000000;8536000000;2200000000;49270000000;14500;10.20;0.30;500;6000;8983;2071000000;22.00;11.95;7.60;87630;400000;9.60;1560000;76.13;257500000;2.00;64500000;0;65000000;0;;41500;;;0;;3415920;;2073;2362000000;946500;652000;1.91;13.00
Uzbekistan;447400;26.22;461900000;7.95;4351000000;46660000000;47700000000;3700000000;47590000000;1800;4.40;0.10;500;11000;81600;2820000000;6.20;71.10;3.00;1040;492000;;14640000;64.19;200000000;2.00;45200000000;17900000000;0;63100000000;937300000000;142000;;;143300;297000000;26851195;41.50;3950;1603000000;1717100;320800;2.94;0.60
Vanuatu;12200;23.06;;7.90;83700000;45030000;48420000;26600000;580000000;2900;1.10;;;;1070;138000000;1.00;55.16;3.10;512;7500;;;62.49;;;;;;;;600;;;0;;205754;;;;6500;7800;2.77;
Venezuela;912050;18.91;14590000000;4.90;33290000000;89300000000;89700000000;35840000000;145200000000;5800;16.80;0.70;4100;110000;96155;14980000000;12.30;22.20;22.40;35301;1274400;12.90;12250000;74.31;1687000000;1.50;29400000000;0;0;29400000000;4190000000000;500000;2100000;;2600000;78000000000;25375281;43.10;682;25750000000;2841800;6463600;2.26;17.10
Vietnam;329560;17.07;-2061000000;6.20;16550000000;32060000000;34480000000;23720000000;227200000000;2700;7.70;0.40;9000;220000;93300;26310000000;16.00;25.95;9.50;340;3500000;36.60;42980000;70.61;650000000;2.50;1300000000;0;0;1300000000;192600000000;185000;;;359400;650000000;83535576;65.90;2600;6510000000;4402000;2742000;1.94;1.90
Virgin Islands;352;14.20;;6.26;;962600000;1035000000;;2500000000;17200;2.00;;;;1257;;;8.03;2.20;;30000;;48900;78.91;;;;;;;;66000;;;0;;108708;;;;69400;41000;2.19;9.30
Wake Island;7;;;;;;;;;;;;;;;;;;;;;;;;;;;;;;;;;;;;;;;;;;;
Wallis and Futuna;274;;;;;;;250000;60000000;3800;;;;;120;300000;;;;;900;;;;;;;;;;;;;;;;16025;;;;1900;0;;
West Bank;5860;32.37;;3.99;108000000;;;205000000;1800000000;800;6.00;;;;4500;1500000000;;19.62;2.20;;145000;;364000;73.08;;;;;;;;;;;;;2385615;;;;301600;480000;4.40;27.20
Western Sahara;266000;;;;;83700000;90000000;;;;;;;;6200;;;;;;;;12000;;;;;;;;;1800;;;0;;273008;;;;;0;;
Yemen;527970;43.07;369900000;8.53;5400000000;2827000000;3040000000;4468000000;16250000000;800;1.90;0.10;;12000;67000;3734000000;3.00;61.50;12.20;138;100000;16.10;5980000;61.75;885500000;7.80;0;0;0;0;480000000000;78000;370300;;417500;4000000000;20727063;46.40;;5300000000;542200;411100;6.67;35.00
Zambia;752614;41.38;-181400000;20.23;5353000000;5345000000;8167000000;1548000000;9409000000;900;4.60;16.50;89000;920000;91440;1519000000;6.90;88.29;18.30;1880;68200;41.40;4630000;39.70;106800000;1.80;;;;;;11000;;;0;;11261795;127.50;2173;345000000;88400;241000;5.47;50.00
Zimbabwe;390580;29.74;-230300000;24.66;4086000000;11220000000;8839000000;1409000000;24370000000;1900;-8.20;24.60;170000;1800000;18338;1599000000;-7.80;67.69;133.00;4501;500000;9.90;4230000;36.67;217000000;4.30;;;;;;23000;;;0;;12746990;52.30;3077;57000000;300900;379100;3.54;70.00
